pair,trades,winrate,profit_usdt
ZEC/USDT:USDT,1039,41.38594802694899,23009.95817404
AVAX/USDT:USDT,912,42.10526315789473,20616.80785869
SOL/USDT:USDT,961,41.935483870967744,20328.83923295
NEAR/USDT:USDT,959,40.980187695516165,19825.30360414
LINK/USDT:USDT,1067,40.955951265229615,18969.37932595
UNI/USDT:USDT,958,40.709812108559504,18646.55080505
AXS/USDT:USDT,930,39.247311827956985,18596.98883212
AAVE/USDT:USDT,959,42.64859228362878,17988.34622435
ADA/USDT:USDT,1040,38.55769230769231,17813.74363206
SAND/USDT:USDT,885,42.71186440677966,17742.82450827
GTC/USDT:USDT,780,41.410256410256416,17728.85331273
DOGE/USDT:USDT,952,38.02521008403361,17517.13568251
FIL/USDT:USDT,879,41.63822525597269,16736.27888388
ETH/USDT:USDT,1052,41.92015209125476,16433.00600746
XRP/USDT:USDT,1015,39.01477832512315,15835.99705971
BCH/USDT:USDT,1096,38.68613138686132,15389.33934963
DOT/USDT:USDT,973,40.59609455292909,15042.21958814
LTC/USDT:USDT,1051,38.82017126546147,14739.81185399
XLM/USDT:USDT,1075,39.906976744186046,13929.81676244
1000SHIB/USDT:USDT,799,42.5531914893617,13683.86238821
FET/USDT:USDT,562,43.41637010676156,13154.39651613
BNB/USDT:USDT,1087,38.086476540938364,12649.87348021
WLD/USDT:USDT,489,42.740286298568506,12514.88383957
1000PEPE/USDT:USDT,504,43.452380952380956,12293.339121770001
BTC/USDT:USDT,1070,38.78504672897196,10917.61995706
ARB/USDT:USDT,520,43.46153846153846,10674.20902765
SUI/USDT:USDT,524,39.31297709923664,9959.90302156
ENA/USDT:USDT,376,39.361702127659576,9415.75411209
MOVR/USDT:USDT,403,42.92803970223325,8859.04435286
STRK/USDT:USDT,405,40.74074074074074,8538.76993939
TAO/USDT:USDT,371,38.544474393531,7944.11991448
ZRO/USDT:USDT,342,42.98245614035088,7856.50464343
BEAMX/USDT:USDT,460,35.65217391304348,7342.244711490001
VIRTUAL/USDT:USDT,273,41.39194139194139,6889.23770181
QNT/USDT:USDT,620,35.16129032258065,6584.22500956
NIL/USDT:USDT,217,44.70046082949309,6390.54384477
ONDO/USDT:USDT,434,38.70967741935484,6346.92838393
PENGU/USDT:USDT,277,38.26714801444043,5846.48878477
BR/USDT:USDT,207,38.64734299516908,4893.43461328
MUBARAK/USDT:USDT,221,39.81900452488688,4876.85717826
ORCA/USDT:USDT,271,41.32841328413284,4677.53413127
TRUMP/USDT:USDT,250,38.4,3860.04463909
US/USDT:USDT,111,36.93693693693694,3742.46209174
AIN/USDT:USDT,161,40.37267080745342,3737.1584456200003
PUMP/USDT:USDT,190,38.94736842105263,3395.75027261
HYPE/USDT:USDT,210,37.61904761904762,3211.32264777
龙虾/USDT:USDT,79,30.37974683544304,2826.02847911
LYN/USDT:USDT,145,30.344827586206897,2555.62977316
COLLECT/USDT:USDT,116,33.62068965517241,2350.71801304
LIT/USDT:USDT,108,36.11111111111111,2008.13213699
