close_date,profit_usdt
2020-02-29 00:00:00+00:00,26.093945460000008
2020-03-31 00:00:00+00:00,678.33163169
2020-04-30 00:00:00+00:00,580.75665636
2020-05-31 00:00:00+00:00,194.02475978
2020-06-30 00:00:00+00:00,-2.713837050000013
2020-07-31 00:00:00+00:00,1127.74936486
2020-08-31 00:00:00+00:00,966.5061422
2020-09-30 00:00:00+00:00,892.8427418199999
2020-10-31 00:00:00+00:00,513.49338768
2020-11-30 00:00:00+00:00,2141.33894652
2020-12-31 00:00:00+00:00,2203.00879649
2021-01-31 00:00:00+00:00,3915.11059221
2021-02-28 00:00:00+00:00,2275.87630333
2021-03-31 00:00:00+00:00,3231.6758853
2021-04-30 00:00:00+00:00,1849.44089554
2021-05-31 00:00:00+00:00,1240.55265736
2021-06-30 00:00:00+00:00,3289.04441989
2021-07-31 00:00:00+00:00,2321.36714287
2021-08-31 00:00:00+00:00,2682.09641151
2021-09-30 00:00:00+00:00,3331.50316927
2021-10-31 00:00:00+00:00,4000.5877138
2021-11-30 00:00:00+00:00,1438.63490288
2021-12-31 00:00:00+00:00,2568.17843758
2022-01-31 00:00:00+00:00,2279.30358068
2022-02-28 00:00:00+00:00,2243.73937628
2022-03-31 00:00:00+00:00,2223.5591017
2022-04-30 00:00:00+00:00,1021.6137342699999
2022-05-31 00:00:00+00:00,4019.48350974
2022-06-30 00:00:00+00:00,1245.19909407
2022-07-31 00:00:00+00:00,1526.19521224
2022-08-31 00:00:00+00:00,2046.63841442
2022-09-30 00:00:00+00:00,944.66033553
2022-10-31 00:00:00+00:00,1603.9783578899999
2022-11-30 00:00:00+00:00,1987.16105956
2022-12-31 00:00:00+00:00,960.16912585
2023-01-31 00:00:00+00:00,767.9334790199999
2023-02-28 00:00:00+00:00,2369.2555103199998
2023-03-31 00:00:00+00:00,1663.61347055
2023-04-30 00:00:00+00:00,362.08250741
2023-05-31 00:00:00+00:00,1160.74819955
2023-06-30 00:00:00+00:00,1878.3093579000001
2023-07-31 00:00:00+00:00,2253.03270302
2023-08-31 00:00:00+00:00,1440.6736258
2023-09-30 00:00:00+00:00,923.2052520799999
2023-10-31 00:00:00+00:00,1879.04826572
2023-11-30 00:00:00+00:00,660.9374027499999
2023-12-31 00:00:00+00:00,2410.19053318
2024-01-31 00:00:00+00:00,2064.39901927
2024-02-29 00:00:00+00:00,2189.1046300900002
2024-03-31 00:00:00+00:00,3111.69391276
2024-04-30 00:00:00+00:00,1990.21866215
2024-05-31 00:00:00+00:00,864.9408289300001
2024-06-30 00:00:00+00:00,2419.7100857
2024-07-31 00:00:00+00:00,2562.61624625
2024-08-31 00:00:00+00:00,3774.92250334
2024-09-30 00:00:00+00:00,1581.65677836
2024-10-31 00:00:00+00:00,2028.37149497
2024-11-30 00:00:00+00:00,4758.24421726
2024-12-31 00:00:00+00:00,7260.76546038
2025-01-31 00:00:00+00:00,1928.68320709
2025-02-28 00:00:00+00:00,2849.16135607
2025-03-31 00:00:00+00:00,3264.72810825
2025-04-30 00:00:00+00:00,4469.64812214
2025-05-31 00:00:00+00:00,4659.04492953
2025-06-30 00:00:00+00:00,4633.8090406500005
2025-07-31 00:00:00+00:00,1755.2843045
2025-08-31 00:00:00+00:00,4240.55935599
2025-09-30 00:00:00+00:00,3489.5862152
2025-10-31 00:00:00+00:00,4783.14295182
2025-11-30 00:00:00+00:00,6530.86167762
2025-12-31 00:00:00+00:00,2753.39311528
2026-01-31 00:00:00+00:00,2577.99407449
2026-02-28 00:00:00+00:00,6281.13817429
2026-03-31 00:00:00+00:00,2680.4162466099997
2026-04-30 00:00:00+00:00,1934.49511777
2026-05-31 00:00:00+00:00,3146.77549108
2026-06-30 00:00:00+00:00,5222.87472459
2026-07-31 00:00:00+00:00,3462.92337399
2026-08-31 00:00:00+00:00,1571.3396191
2026-09-30 00:00:00+00:00,6336.77104077
2026-10-31 00:00:00+00:00,578.41643783
